-- Dummy data for Passaporte Competências Digitais

-- Inserting 5 new PRE_INSCRICOES
INSERT INTO PRE_INSCRICOES (NOME_COMPLETO, EMAIL, CONTACTO_TELEFONICO, NIF, DATA_NASCIMENTO, CONSENTIMENTO_DADOS, INTERESSES, ID_ESTADO_PRE_INSCRICAO) VALUES ('João Silva', 'joao.silva@example.com', '912345679', 123456790, TO_DATE('1985-01-15', 'YYYY-MM-DD'), 'S', '{"cursos":[1,3],"locais":["Online"]}', 1);
INSERT INTO PRE_INSCRICOES (NOME_COMPLETO, EMAIL, CONTACTO_TELEFONICO, NIF, DATA_NASCIMENTO, CONSENTIMENTO_DADOS, INTERESSES, ID_ESTADO_PRE_INSCRICAO) VALUES ('Ana Pereira', 'ana.pereira@example.com', '912345680', 123456791, TO_DATE('1992-03-20', 'YYYY-MM-DD'), 'S', '{"cursos":[2,4],"locais":["Marvila"]}', 1);
INSERT INTO PRE_INSCRICOES (NOME_COMPLETO, EMAIL, CONTACTO_TELEFONICO, NIF, DATA_NASCIMENTO, CONSENTIMENTO_DADOS, INTERESSES, ID_ESTADO_PRE_INSCRICAO) VALUES ('Pedro Santos', 'pedro.santos@example.com', '912345681', 123456792, TO_DATE('1978-11-30', 'YYYY-MM-DD'), 'S', '{"cursos":[1,4],"locais":["Lumiar"]}', 1);
INSERT INTO PRE_INSCRICOES (NOME_COMPLETO, EMAIL, CONTACTO_TELEFONICO, NIF, DATA_NASCIMENTO, CONSENTIMENTO_DADOS, INTERESSES, ID_ESTADO_PRE_INSCRICAO) VALUES ('Mariana Costa', 'mariana.costa@example.com', '912345682', 123456793, TO_DATE('2000-07-10', 'YYYY-MM-DD'), 'S', '{"cursos":[2,3],"locais":["Online"]}', 1);
INSERT INTO PRE_INSCRICOES (NOME_COMPLETO, EMAIL, CONTACTO_TELEFONICO, NIF, DATA_NASCIMENTO, CONSENTIMENTO_DADOS, INTERESSES, ID_ESTADO_PRE_INSCRICAO) VALUES ('Luís Oliveira', 'luis.oliveira@example.com', '912345683', 123456794, TO_DATE('1965-05-25', 'YYYY-MM-DD'), 'S', '{"cursos":[1,2,3,4],"locais":["Marvila","Lumiar"]}', 1);

-- Inserting 10 new INSCRITOS
INSERT INTO INSCRITOS (NOME_COMPLETO, EMAIL, CONTACTO_TELEFONICO, NIF, DATA_NASCIMENTO, ID_GENERO, NATURALIDADE, NACIONALIDADE, ID_TIPO_DOC_IDENTIFICACAO, DOC_IDENTIFICACAO_NUM, VALIDADE_DOC_IDENTIFICACAO, MORADA, CODIGO_POSTAL, LOCALIDADE_CODIGO_POSTAL, ID_SITUACAO_PROFISSIONAL, ID_QUALIFICACAO, CONSENTIMENTO_RGPD, ID_ESTADO_GERAL_INSCRITO, INTERESSES_INICIAIS, ORIGEM_INSCRICAO, OBSERVACOES) VALUES ('Carla Sousa', 'carla.sousa@example.com', '912345684', 123456795, TO_DATE('1990-02-20', 'YYYY-MM-DD'), 1, 'Lisboa', 'Portuguesa', 1, '12345678 0 ZZ3', TO_DATE('2029-12-31', 'YYYY-MM-DD'), 'Rua da Prata, 200', '1100-420', 'Lisboa', 1, 4, 'S', 1, '[]', 'Inscrição Manual', NULL);
INSERT INTO INSCRITOS (NOME_COMPLETO, EMAIL, CONTACTO_TELEFONICO, NIF, DATA_NASCIMENTO, ID_GENERO, NATURALIDADE, NACIONALIDADE, ID_TIPO_DOC_IDENTIFICACAO, DOC_IDENTIFICACAO_NUM, VALIDADE_DOC_IDENTIFICACAO, MORADA, CODIGO_POSTAL, LOCALIDADE_CODIGO_POSTAL, ID_SITUACAO_PROFISSIONAL, ID_QUALIFICACAO, CONSENTIMENTO_RGPD, ID_ESTADO_GERAL_INSCRITO, INTERESSES_INICIAIS, ORIGEM_INSCRICAO, OBSERVACOES) VALUES ('Rui Almeida', 'rui.almeida@example.com', '912345685', 123456796, TO_DATE('1982-08-10', 'YYYY-MM-DD'), 2, 'Porto', 'Portuguesa', 1, '12345678 1 ZZ4', TO_DATE('2027-10-15', 'YYYY-MM-DD'), 'Avenida dos Aliados, 100', '4000-064', 'Porto', 1, 5, 'S', 1, '[]', 'Inscrição Manual', NULL);
INSERT INTO INSCRITOS (NOME_COMPLETO, EMAIL, CONTACTO_TELEFONICO, NIF, DATA_NASCIMENTO, ID_GENERO, NATURALIDADE, NACIONALIDADE, ID_TIPO_DOC_IDENTIFICACAO, DOC_IDENTIFICACAO_NUM, VALIDADE_DOC_IDENTIFICACAO, MORADA, CODIGO_POSTAL, LOCALIDADE_CODIGO_POSTAL, ID_SITUACAO_PROFISSIONAL, ID_QUALIFICACAO, CONSENTIMENTO_RGPD, ID_ESTADO_GERAL_INSCRITO, INTERESSES_INICIAIS, ORIGEM_INSCRICAO, OBSERVACOES) VALUES ('Sofia Gonçalves', 'sofia.goncalves@example.com', '912345686', 123456797, TO_DATE('1995-06-05', 'YYYY-MM-DD'), 1, 'Coimbra', 'Portuguesa', 1, '12345678 2 ZZ5', TO_DATE('2031-01-20', 'YYYY-MM-DD'), 'Rua Ferreira Borges, 50', '3000-180', 'Coimbra', 3, 6, 'S', 1, '[]', 'Inscrição Manual', NULL);
INSERT INTO INSCRITOS (NOME_COMPLETO, EMAIL, CONTACTO_TELEFONICO, NIF, DATA_NASCIMENTO, ID_GENERO, NATURALIDADE, NACIONALIDADE, ID_TIPO_DOC_IDENTIFICACAO, DOC_IDENTIFICACAO_NUM, VALIDADE_DOC_IDENTIFICACAO, MORADA, CODIGO_POSTAL, LOCALIDADE_CODIGO_POSTAL, ID_SITUACAO_PROFISSIONAL, ID_QUALIFICACAO, CONSENTIMENTO_RGPD, ID_ESTADO_GERAL_INSCRITO, INTERESSES_INICIAIS, ORIGEM_INSCRICAO, OBSERVACOES) VALUES ('André Rodrigues', 'andre.rodrigues@example.com', '912345687', 123456798, TO_DATE('1975-12-01', 'YYYY-MM-DD'), 2, 'Faro', 'Portuguesa', 1, '12345678 3 ZZ6', TO_DATE('2026-05-10', 'YYYY-MM-DD'), 'Rua de Santo António, 30', '8000-282', 'Faro', 2, 3, 'S', 1, '[]', 'Inscrição Manual', NULL);
INSERT INTO INSCRITOS (NOME_COMPLETO, EMAIL, CONTACTO_TELEFONICO, NIF, DATA_NASCIMENTO, ID_GENERO, NATURALIDADE, NACIONALIDADE, ID_TIPO_DOC_IDENTIFICACAO, DOC_IDENTIFICACAO_NUM, VALIDADE_DOC_IDENTIFICACAO, MORADA, CODIGO_POSTAL, LOCALIDADE_CODIGO_POSTAL, ID_SITUACAO_PROFISSIONAL, ID_QUALIFICACAO, CONSENTIMENTO_RGPD, ID_ESTADO_GERAL_INSCRITO, INTERESSES_INICIAIS, ORIGEM_INSCRICAO, OBSERVACOES) VALUES ('Inês Martins', 'ines.martins@example.com', '912345688', 123456799, TO_DATE('1998-09-18', 'YYYY-MM-DD'), 1, 'Braga', 'Portuguesa', 1, '12345678 4 ZZ7', TO_DATE('2033-03-25', 'YYYY-MM-DD'), 'Avenida da Liberdade, 400', '4710-250', 'Braga', 3, 6, 'S', 1, '[]', 'Inscrição Manual', NULL);
INSERT INTO INSCRITOS (NOME_COMPLETO, EMAIL, CONTACTO_TELEFONICO, NIF, DATA_NASCIMENTO, ID_GENERO, NATURALIDADE, NACIONALIDADE, ID_TIPO_DOC_IDENTIFICACAO, DOC_IDENTIFICACAO_NUM, VALIDADE_DOC_IDENTIFICACAO, MORADA, CODIGO_POSTAL, LOCALIDADE_CODIGO_POSTAL, ID_SITUACAO_PROFISSIONAL, ID_QUALIFICACAO, CONSENTIMENTO_RGPD, ID_ESTADO_GERAL_INSCRITO, INTERESSES_INICIAIS, ORIGEM_INSCRICAO, OBSERVACOES) VALUES ('Tiago Ferreira', 'tiago.ferreira@example.com', '912345689', 123456800, TO_DATE('1988-04-12', 'YYYY-MM-DD'), 2, 'Aveiro', 'Portuguesa', 1, '12345678 5 ZZ8', TO_DATE('2028-08-08', 'YYYY-MM-DD'), 'Rua do Sal, 10', '3800-265', 'Aveiro', 1, 5, 'S', 1, '[]', 'Inscrição Manual', NULL);
INSERT INTO INSCRITOS (NOME_COMPLETO, EMAIL, CONTACTO_TELEFONICO, NIF, DATA_NASCIMENTO, ID_GENERO, NATURALIDADE, NACIONALIDADE, ID_TIPO_DOC_IDENTIFICACAO, DOC_IDENTIFICACAO_NUM, VALIDADE_DOC_IDENTIFICACAO, MORADA, CODIGO_POSTAL, LOCALIDADE_CODIGO_POSTAL, ID_SITUACAO_PROFISSIONAL, ID_QUALIFICACAO, CONSENTIMENTO_RGPD, ID_ESTADO_GERAL_INSCRITO, INTERESSES_INICIAIS, ORIGEM_INSCRICAO, OBSERVACOES) VALUES ('Catarina Ribeiro', 'catarina.ribeiro@example.com', '912345690', 123456801, TO_DATE('1993-10-22', 'YYYY-MM-DD'), 1, 'Viseu', 'Portuguesa', 1, '12345678 6 ZZ9', TO_DATE('2030-11-11', 'YYYY-MM-DD'), 'Rua Formosa, 150', '3500-133', 'Viseu', 1, 4, 'S', 1, '[]', 'Inscrição Manual', NULL);
INSERT INTO INSCRITOS (NOME_COMPLETO, EMAIL, CONTACTO_TELEFONICO, NIF, DATA_NASCIMENTO, ID_GENERO, NATURALIDADE, NACIONALIDADE, ID_TIPO_DOC_IDENTIFICACAO, DOC_IDENTIFICACAO_NUM, VALIDADE_DOC_IDENTIFICACAO, MORADA, CODIGO_POSTAL, LOCALIDADE_CODIGO_POSTAL, ID_SITUACAO_PROFISSIONAL, ID_QUALIFICACAO, CONSENTIMENTO_RGPD, ID_ESTADO_GERAL_INSCRITO, INTERESSES_INICIAIS, ORIGEM_INSCRICAO, OBSERVACOES) VALUES ('Ricardo Gomes', 'ricardo.gomes@example.com', '912345691', 123456802, TO_DATE('1970-03-03', 'YYYY-MM-DD'), 2, 'Leiria', 'Portuguesa', 1, '12345678 7 ZZ0', TO_DATE('2025-04-04', 'YYYY-MM-DD'), 'Avenida Marquês de Pombal, 20', '2400-140', 'Leiria', 4, 2, 'S', 1, '[]', 'Inscrição Manual', NULL);
INSERT INTO INSCRITOS (NOME_COMPLETO, EMAIL, CONTACTO_TELEFONICO, NIF, DATA_NASCIMENTO, ID_GENERO, NATURALIDADE, NACIONALIDADE, ID_TIPO_DOC_IDENTIFICACAO, DOC_IDENTIFICACAO_NUM, VALIDADE_DOC_IDENTIFICACAO, MORADA, CODIGO_POSTAL, LOCALIDADE_CODIGO_POSTAL, ID_SITUACAO_PROFISSIONAL, ID_QUALIFICACAO, CONSENTIMENTO_RGPD, ID_ESTADO_GERAL_INSCRITO, INTERESSES_INICIAIS, ORIGEM_INSCRICAO, OBSERVACOES) VALUES ('Beatriz Lima', 'beatriz.lima@example.com', '912345692', 123456803, TO_DATE('2002-11-08', 'YYYY-MM-DD'), 1, 'Santarém', 'Portuguesa', 1, '12345678 8 ZZ1', TO_DATE('2035-07-07', 'YYYY-MM-DD'), 'Largo do Seminário, 10', '2000-193', 'Santarém', 3, 6, 'S', 1, '[]', 'Inscrição Manual', NULL);
INSERT INTO INSCRITOS (NOME_COMPLETO, EMAIL, CONTACTO_TELEFONICO, NIF, DATA_NASCIMENTO, ID_GENERO, NATURALIDADE, NACIONALIDADE, ID_TIPO_DOC_IDENTIFICACAO, DOC_IDENTIFICACAO_NUM, VALIDADE_DOC_IDENTIFICACAO, MORADA, CODIGO_POSTAL, LOCALIDADE_CODIGO_POSTAL, ID_SITUACAO_PROFISSIONAL, ID_QUALIFICACAO, CONSENTIMENTO_RGPD, ID_ESTADO_GERAL_INSCRITO, INTERESSES_INICIAIS, ORIGEM_INSCRICAO, OBSERVACOES) VALUES ('Miguel Fernandes', 'miguel.fernandes@example.com', '912345693', 123456804, TO_DATE('1989-07-29', 'YYYY-MM-DD'), 2, 'Évora', 'Portuguesa', 1, '12345678 9 ZZ2', TO_DATE('2029-09-09', 'YYYY-MM-DD'), 'Praça do Giraldo, 5', '7000-508', 'Évora', 1, 5, 'S', 1, '[]', 'Inscrição Manual', NULL);

-- Inserting 4 new TURMAS
INSERT INTO TURMAS (NOME, ID_CURSO, FORMADORES, ID_COORDENADOR, NUMERO_DA_TURMA, ID_ESTADO_TURMA, ID_ESTADO_DOSSIER, DATA_INICIO, DATA_FIM, LOCAL_FORMACAO, HORARIO, CALENDARIZACAO_TEXTO, ESTRUTURA_SESSOES_TEXTO, VAGAS, TOTAL_INQUIRIDOS, ID_CONFIG_AVALIACAO, ID_CONFIG_DESAFIO_FINAL, COMPETENCIAS_PARA_DESAFIO, OBSERVACOES) VALUES ('PCD-C2-Marvila-01', 2, '1', 1, 'Ação nº 103', 1, 1, TO_DATE('2025-10-06', 'YYYY-MM-DD'), TO_DATE('2025-10-10', 'YYYY-MM-DD'), 'Biblioteca de Marvila', 'Manhã (09:30-12:30)', '6 a 10 de Outubro de 2025', '15 horas, distribuídas por 5 sessões de 3 horas', 12, 0, 1, 2, '2', 'Turma planeada.');
INSERT INTO TURMAS (NOME, ID_CURSO, FORMADORES, ID_COORDENADOR, NUMERO_DA_TURMA, ID_ESTADO_TURMA, ID_ESTADO_DOSSIER, DATA_INICIO, DATA_FIM, LOCAL_FORMACAO, HORARIO, CALENDARIZACAO_TEXTO, ESTRUTURA_SESSOES_TEXTO, VAGAS, TOTAL_INQUIRIDOS, ID_CONFIG_AVALIACAO, ID_CONFIG_DESAFIO_FINAL, COMPETENCIAS_PARA_DESAFIO, OBSERVACOES) VALUES ('PCD-C3-Lumiar-01', 3, '2', 1, 'Ação nº 104', 2, 1, TO_DATE('2025-10-13', 'YYYY-MM-DD'), TO_DATE('2025-10-17', 'YYYY-MM-DD'), 'Polo do Lumiar', 'Tarde (14:30-17:30)', '13 a 17 de Outubro de 2025', '15 horas, distribuídas por 5 sessões de 3 horas', 15, 0, 1, 2, '3', 'Turma aberta para inscrições.');
INSERT INTO TURMAS (NOME, ID_CURSO, FORMADORES, ID_COORDENADOR, NUMERO_DA_TURMA, ID_ESTADO_TURMA, ID_ESTADO_DOSSIER, DATA_INICIO, DATA_FIM, LOCAL_FORMACAO, HORARIO, CALENDARIZACAO_TEXTO, ESTRUTURA_SESSOES_TEXTO, VAGAS, TOTAL_INQUIRIDOS, ID_CONFIG_AVALIACAO, ID_CONFIG_DESAFIO_FINAL, COMPETENCIAS_PARA_DESAFIO, OBSERVACOES) VALUES ('PCD-C1-Online-01', 1, '1', 1, 'Ação nº 105', 3, 2, TO_DATE('2025-09-22', 'YYYY-MM-DD'), TO_DATE('2025-09-26', 'YYYY-MM-DD'), 'Online', 'Noite (19:00-22:00)', '22 a 26 de Setembro de 2025', '15 horas, distribuídas por 5 sessões de 3 horas', 20, 0, 1, 2, '1', 'Turma em curso.');
INSERT INTO TURMAS (NOME, ID_CURSO, FORMADORES, ID_COORDENADOR, NUMERO_DA_TURMA, ID_ESTADO_TURMA, ID_ESTADO_DOSSIER, DATA_INICIO, DATA_FIM, LOCAL_FORMACAO, HORARIO, CALENDARIZACAO_TEXTO, ESTRUTURA_SESSOES_TEXTO, VAGAS, TOTAL_INQUIRIDOS, ID_CONFIG_AVALIACAO, ID_CONFIG_DESAFIO_FINAL, COMPETENCIAS_PARA_DESAFIO, OBSERVACOES) VALUES ('PCD-C4-Marvila-01', 4, '2', 1, 'Ação nº 106', 4, 3, TO_DATE('2025-09-01', 'YYYY-MM-DD'), TO_DATE('2025-09-05', 'YYYY-MM-DD'), 'Biblioteca de Marvila', 'Manhã (09:30-12:30)', '1 a 5 de Setembro de 2025', '15 horas, distribuídas por 5 sessões de 3 horas', 12, 10, 1, 2, '4', 'Turma concluída.');

-- Inserting MATRICULAS and PRESENCAS for the new TURMAS
-- Matriculas for PCD-C1-Online-01 (in progress)
INSERT INTO MATRICULAS (ID_INSCRITO, ID_TURMA, ID_ESTADO_MATRICULA, ID_NIVEL_EXPERIENCIA, DATA_DE_INSCRICAO) VALUES (11, 13, 2, 2, TO_DATE('2025-09-20', 'YYYY-MM-DD'));
INSERT INTO MATRICULAS (ID_INSCRITO, ID_TURMA, ID_ESTADO_MATRICULA, ID_NIVEL_EXPERIENCIA, DATA_DE_INSCRICAO) VALUES (12, 13, 2, 3, TO_DATE('2025-09-21', 'YYYY-MM-DD'));

-- Presencas for PCD-C1-Online-01
INSERT INTO SESSOES (NOME, ID_TURMA, DATA_SESSAO, HORA_INICIO, HORA_FIM, DURACAO_HORAS, SUMARIO) VALUES ('Sessão 1', 13, TO_DATE('2025-09-22', 'YYYY-MM-DD'), '19:00', '22:00', 3, 'Introdução ao curso online.');
INSERT INTO PRESENCAS (ID_MATRICULA, ID_SESSAO, ID_ESTADO_PRESENCA, HORAS_ASSISTIDAS, ID_METODO_REGISTO) VALUES (11, 6, 1, 3, 3);
INSERT INTO PRESENCAS (ID_MATRICULA, ID_SESSAO, ID_ESTADO_PRESENCA, HORAS_ASSISTIDAS, ID_METODO_REGISTO) VALUES (12, 6, 1, 3, 3);

-- Matriculas for PCD-C4-Marvila-01 (completed)
INSERT INTO MATRICULAS (ID_INSCRITO, ID_TURMA, ID_ESTADO_MATRICULA, ID_NIVEL_EXPERIENCIA, DATA_DE_INSCRICAO, DATA_DE_CONCLUSAO, CLASSIFICACAO_FINAL, TOTAL_HORAS_ASSISTIDAS) VALUES (13, 14, 3, 1, TO_DATE('2025-08-30', 'YYYY-MM-DD'), TO_DATE('2025-09-05', 'YYYY-MM-DD'), 'Apto', 15);
INSERT INTO MATRICULAS (ID_INSCRITO, ID_TURMA, ID_ESTADO_MATRICULA, ID_NIVEL_EXPERIENCIA, DATA_DE_INSCRICAO, DATA_DE_CONCLUSAO, CLASSIFICACAO_FINAL, TOTAL_HORAS_ASSISTIDAS) VALUES (14, 14, 3, 2, TO_DATE('2025-08-31', 'YYYY-MM-DD'), TO_DATE('2025-09-05', 'YYYY-MM-DD'), 'Apto', 15);

-- Presencas for PCD-C4-Marvila-01
INSERT INTO SESSOES (NOME, ID_TURMA, DATA_SESSAO, HORA_INICIO, HORA_FIM, DURACAO_HORAS, SUMARIO) VALUES ('Sessão 1', 14, TO_DATE('2025-09-01', 'YYYY-MM-DD'), '09:30', '12:30', 3, 'Introdução aos serviços públicos online.');
INSERT INTO SESSOES (NOME, ID_TURMA, DATA_SESSAO, HORA_INICIO, HORA_FIM, DURACAO_HORAS, SUMARIO) VALUES ('Sessão 2', 14, TO_DATE('2025-09-02', 'YYYY-MM-DD'), '09:30', '12:30', 3, 'Segurança online.');
INSERT INTO SESSOES (NOME, ID_TURMA, DATA_SESSAO, HORA_INICIO, HORA_FIM, DURACAO_HORAS, SUMARIO) VALUES ('Sessão 3', 14, TO_DATE('2025-09-03', 'YYYY-MM-DD'), '09:30', '12:30', 3, 'Comunicação com serviços públicos.');
INSERT INTO SESSOES (NOME, ID_TURMA, DATA_SESSAO, HORA_INICIO, HORA_FIM, DURACAO_HORAS, SUMARIO) VALUES ('Sessão 4', 14, TO_DATE('2025-09-04', 'YYYY-MM-DD'), '09:30', '12:30', 3, 'Exercícios práticos.');
INSERT INTO SESSOES (NOME, ID_TURMA, DATA_SESSAO, HORA_INICIO, HORA_FIM, DURACAO_HORAS, SUMARIO) VALUES ('Sessão 5', 14, TO_DATE('2025-09-05', 'YYYY-MM-DD'), '09:30', '12:30', 3, 'Desafio final.');

INSERT INTO PRESENCAS (ID_MATRICULA, ID_SESSAO, ID_ESTADO_PRESENCA, HORAS_ASSISTIDAS, ID_METODO_REGISTO) VALUES (13, 7, 1, 3, 1);
INSERT INTO PRESENCAS (ID_MATRICULA, ID_SESSAO, ID_ESTADO_PRESENCA, HORAS_ASSISTIDAS, ID_METODO_REGISTO) VALUES (13, 8, 1, 3, 1);
INSERT INTO PRESENCAS (ID_MATRICULA, ID_SESSAO, ID_ESTADO_PRESENCA, HORAS_ASSISTIDAS, ID_METODO_REGISTO) VALUES (13, 9, 1, 3, 1);
INSERT INTO PRESENCAS (ID_MATRICULA, ID_SESSAO, ID_ESTADO_PRESENCA, HORAS_ASSISTIDAS, ID_METODO_REGISTO) VALUES (13, 10, 1, 3, 1);
INSERT INTO PRESENCAS (ID_MATRICULA, ID_SESSAO, ID_ESTADO_PRESENCA, HORAS_ASSISTIDAS, ID_METODO_REGISTO) VALUES (13, 11, 1, 3, 1);
INSERT INTO PRESENCAS (ID_MATRICULA, ID_SESSAO, ID_ESTADO_PRESENCA, HORAS_ASSISTIDAS, ID_METODO_REGISTO) VALUES (14, 7, 1, 3, 1);
INSERT INTO PRESENCAS (ID_MATRICULA, ID_SESSAO, ID_ESTADO_PRESENCA, HORAS_ASSISTIDAS, ID_METODO_REGISTO) VALUES (14, 8, 1, 3, 1);
INSERT INTO PRESENCAS (ID_MATRICULA, ID_SESSAO, ID_ESTADO_PRESENCA, HORAS_ASSISTIDAS, ID_METODO_REGISTO) VALUES (14, 9, 1, 3, 1);
INSERT INTO PRESENCAS (ID_MATRICULA, ID_SESSAO, ID_ESTADO_PRESENCA, HORAS_ASSISTIDAS, ID_METODO_REGISTO) VALUES (14, 10, 1, 3, 1);
INSERT INTO PRESENCAS (ID_MATRICULA, ID_SESSAO, ID_ESTADO_PRESENCA, HORAS_ASSISTIDAS, ID_METODO_REGISTO) VALUES (14, 11, 1, 3, 1);
